{
  "bleu_score": 10.951639995714382,
  "bleu_precisions": [
    41.535332994407725,
    15.603584607274644,
    6.841817186644773,
    3.244166192373364
  ],
  "bleu_bp": 1.0,
  "avg_inference_time": 2.1209467138562883,
  "num_samples": 70
}